OBJECTID,Name,Snippet,SWTORD,COMVAL_SQM,RESVAL_SQM,V_PER_SQMI,P_PER_SQMI,D_PER_SQMI,R_AVGYR,LUDIVERS,WE_CT,RCODEV,AUTOV,PCTR_GRCR,PCTR_PHARM,PCTR_BANK,PCTR_BUSST,DAYTRIPS,EVETRIPS,id,Neighborhoods__LENGTH,Neighborhoods__AREA,Shape_Length,Shape_Area
1,Abercromby,http://durhamhoods.com/neighborhoods/abercromby/,2.9,0,376052,0,233,0,1993,0,4,0,5,0,0,0,5.5,0,0,1,0.012323139,-8.87e-06,0.012323139,-8.87e-06
2,Albright,http://durhamhoods.com/neighborhoods/albright/,43.8,3447325,107499,322,613,341,1944,29.9,50,166,3,43.2,0,0,98.3,108,11,2,0.037148006,-4.09e-05,0.037148006,-4.09e-05
3,Amberlynn Valley,http://durhamhoods.com/neighborhoods/amberlynn-valley/,119.9,0,0,76,789,0,2006,3,0,0,0,0,0,0,88.9,0,0,3,0.014686074,-1.02e-05,0.014686074,-1.02e-05
4,American Village,http://durhamhoods.com/neighborhoods/american-village/,24.1,0,4256857,2,51,0,1991,0.8,3,2,1,0,0,0,37.9,27,11,4,0.061972206,-0.000116718,0.061972206,-0.000116718
5,Anderson St. / Wrightwood Park,http://durhamhoods.com/neighborhoods/anderson-st-wrightwood-park/,34.4,0,200464,29,66,18,1957,15.5,13,11,13,40.6,0,0,59.3,127,22,5,0.073555721,-0.000144373,0.073555721,-0.000144373
6,Ashley Forest,http://durhamhoods.com/neighborhoods/ashley-forest/,0,0,239052,0,8,0,1989,0,0,0,0,0,0,0,0,0,0,6,0.022264589,-3.12e-05,0.022264589,-3.12e-05
7,Auburn Hills,http://durhamhoods.com/neighborhoods/auburn-hills/,77.1,0,399981,0,32,0,2003,0,0,0,0,0,0,0,0,0,0,7,0.02586453,-3.21e-05,0.02586453,-3.21e-05
8,Auburn Park,http://durhamhoods.com/neighborhoods/auburn-park/,61.5,0,0,0,80,0,2002,0,2,0,0,0,0,0,0,0,0,8,0.010495085,-6.43e-06,0.010495085,-6.43e-06
9,Auburn Square,http://durhamhoods.com/neighborhoods/auburn-square/,24.9,0,0,36,182,0,2002,0,1,0,0,0,0,0,0,0,0,9,0.010525049,-7.12e-06,0.010525049,-7.12e-06
10,Audubon Park,http://durhamhoods.com/neighborhoods/audubon-park/,58.9,0,84199,0,28,0,1999,0.6,0,0,0,0,0,0,0,0,0,10,0.027340101,-4.61e-05,0.027340101,-4.61e-05
11,Barclay to Sandlewood,http://durhamhoods.com/neighborhoods/barclay-to-sandlewood/,0,0,121410,9,29,0,1970,5,0,0,0,0,0,0,0,26,0,11,0.043401394,-8.98e-05,0.043401394,-8.98e-05
12,Bent Creek / Woodberry Forest,http://durhamhoods.com/neighborhoods/bent-creek-woodberry-forest/,45.2,0,1078687,0,13,0,1981,6,3,0,0,0,0,0,0,22,0,12,0.047525257,-5.89e-05,0.047525257,-5.89e-05
13,Bluffs of the Eno,http://durhamhoods.com/neighborhoods/bluffs-of-the-eno/,0,0,347416,58,0,0,1991,0,4,0,0,0,0,0,0,0,0,13,0.00885647,-4.48e-06,0.00885647,-4.48e-06
14,Bon Air Avenue,http://durhamhoods.com/neighborhoods/bon-air-avenue/,11.2,0,1151494,0,208,0,1942,10.1,4,1,1,0,0,0,88.2,0,0,14,0.012670664,-4.98e-06,0.012670664,-4.98e-06
15,Brandon Ridge,http://durhamhoods.com/neighborhoods/brandon-ridge/,0,0,0,0,658,120,1986,3.3,0,0,0,0,0,0,100,0,0,15,0.009213054,-4.32e-06,0.009213054,-4.32e-06
16,Buck Crossing,http://durhamhoods.com/neighborhoods/buck-crossing/,73.6,0,478221,0,0,0,2001,12,0,0,0,0,0,0,0,0,0,16,0.014142588,-7.81e-06,0.014142588,-7.81e-06
17,Burch Avenue,http://durhamhoods.com/neighborhoods/burch-avenue/,79.7,1438430,1406231,75,255,25,1931,31.4,21,2,4,61.5,0,0,100,53,11,17,0.029991871,-4.17e-05,0.029991871,-4.17e-05
18,Cameron Woods,http://durhamhoods.com/neighborhoods/cameron-woods/,70.3,0,500426,0,0,0,2001,0,2,0,0,0,0,70.3,56.8,0,0,18,0.013639072,-1.25e-05,0.013639072,-1.25e-05
19,Cardinal Lake,http://durhamhoods.com/neighborhoods/cardinal-lake/,54.7,0,10005484,10,116,0,2007,0,0,0,0,0,0,0,0,0,0,19,0.040224862,-5.38e-05,0.040224862,-5.38e-05
20,Carillon Forest,http://durhamhoods.com/neighborhoods/carillon-forest/,97.4,0,24136832,0,14,0,2008,0,0,0,0,0,0,0,0,0,0,20,0.02665551,-3.76e-05,0.02665551,-3.76e-05
21,Chancellor's Ridge,http://durhamhoods.com/neighborhoods/chancellors-ridge/,67.4,0,244792,0,14,0,2001,3.3,1,0,0,0,0,0,0,0,0,21,0.0397469,-9.15e-05,0.0397469,-9.15e-05
22,Chapel Hill Road,http://durhamhoods.com/neighborhoods/chapel-hill-road/,77.9,0,0,33,212,65,1946,52.7,5,6,0,2,0,68.7,100,74,11,22,0.022021598,-1.59e-05,0.022021598,-1.59e-05
23,Cleveland-Holloway,http://durhamhoods.com/neighborhoods/cleveland-holloway/,75.1,4,2776237,197,519,159,1944,46.5,65,219,14,11.1,0,20.5,100,214,34,23,0.039373704,-6.69e-05,0.039373704,-6.69e-05
24,Colchester,http://durhamhoods.com/neighborhoods/colchester/,0,0,0,0,0,0,1984,0,0,0,0,0,0,0,0,0,0,24,0.006766419,-2.62e-06,0.006766419,-2.62e-06
25,Cole Mill Road,http://durhamhoods.com/neighborhoods/cole-mill-road/,8.2,0,129854,0,32,2,1976,12.5,2,0,0,0,0,0,0,0,0,25,0.244717168,-0.000112829,0.244717168,-0.000112829
26,Colonial Village,http://durhamhoods.com/neighborhoods/colonial-village/,17.4,0,39220,73,261,25,1961,11.1,50,5,15,20.2,0,0,90.7,106,23,26,0.044607061,-9.21e-05,0.044607061,-9.21e-05
27,Colony Park,http://durhamhoods.com/neighborhoods/colony-park/,1.1,0,365070,20,20,0,1967,0,1,0,0,0,0,0,0,0,0,27,0.030128245,-3.88e-05,0.030128245,-3.88e-05
28,Copper Creek,http://durhamhoods.com/neighborhoods/copper-creek/,95.2,0,0,0,88,0,2002,0,0,0,0,0,0,0,0,0,0,28,0.013626796,-8.85e-06,0.013626796,-8.85e-06
29,Cranford Road,http://durhamhoods.com/neighborhoods/cranford-road/,20.2,0,1078416,0,28,0,1946,6.9,0,0,0,0,0,0,0,0,0,29,0.016905506,-9.27e-06,0.016905506,-9.27e-06
30,Crest Street,http://durhamhoods.com/neighborhoods/crest-street/,58.6,2,69744601,201,569,106,1992,36.3,3,9,2,23.5,23.5,81.9,100,106,22,30,0.064215152,-0.000163908,0.064215152,-0.000163908
31,Croasdaile,http://durhamhoods.com/neighborhoods/croasdaile/,11.4,0,664491,0,6,0,1980,16.7,0,0,0,0,9.9,12.6,23.8,27,11,31,0.050654068,-0.000138092,0.050654068,-0.000138092
32,Crooked Creek,http://durhamhoods.com/neighborhoods/crooked-creek/,34.3,0,18331,26,141,13,1989,17.8,0,1,0,35.1,75.3,0,85.9,81,11,32,0.052427284,-9.88e-05,0.052427284,-9.88e-05
33,Cross Timbers,http://durhamhoods.com/neighborhoods/cross-timbers/,22.1,0,0,0,94,0,1987,0,0,0,1,0,0,0,100,79,0,33,0.009629256,-5.5e-06,0.009629256,-5.5e-06
34,Crown Point,http://durhamhoods.com/neighborhoods/crown-point/,0,0,107837,10,181,20,1991,0,4,3,0,0,0,52.8,59,0,0,34,0.02333088,-2.57e-05,0.02333088,-2.57e-05
35,Darby Glen,http://durhamhoods.com/neighborhoods/darby-glen/,44.3,0,0,53,212,0,1988,2.4,1,0,0,0,0,2.7,100,81,11,35,0.008958178,-4.88e-06,0.008958178,-4.88e-06
36,Dixon Road Area,http://durhamhoods.com/neighborhoods/dixon-road-area/,12.3,0,1178543,3,80,10,1970,14,3,2,1,7.4,0,1.7,29.2,0,0,36,0.042781126,-7.8e-05,0.042781126,-7.8e-05
37,Downtown,http://durhamhoods.com/neighborhoods/downtown/,117.7,36689680,282871,148,563,71,1922,40.8,7,21,3,1.4,4.1,37.8,100,809,180,37,0.064192779,-0.000117279,0.064192779,-0.000117279
38,Duke Forest,http://durhamhoods.com/neighborhoods/duke-forest/,30.6,0,2284117,5,45,0,1965,18,1,0,0,0,0,18.7,20.1,74,11,38,0.055975737,-0.000161653,0.055975737,-0.000161653
39,Duke Homestead,http://durhamhoods.com/neighborhoods/duke-homestead/,14.8,0,12804,20,61,5,1972,12.8,19,2,4,41.7,42.6,0,85.1,53,11,39,0.046358423,-0.000106202,0.046358423,-0.000106202
40,Duke Park,http://durhamhoods.com/neighborhoods/duke-park/,54.7,0,1397865,55,219,28,1950,29.2,12,11,7,21.1,1.1,18.9,64,106,23,40,0.067088739,-0.000174174,0.067088739,-0.000174174
41,Duke West Campus,http://durhamhoods.com/neighborhoods/duke/,87.4,64384762,775865,4,13,5,1956,65.6,0,0,0,2,0,81.1,97.7,208,53,41,0.104844938,-0.000407234,0.104844938,-0.000407234
42,Eagle's Pointe,http://durhamhoods.com/neighborhoods/eagles-pointe/,84.3,0,4507404,0,21,0,2002,1.2,0,0,0,0,0,0,46.6,0,0,42,0.025112741,-2.5e-05,0.025112741,-2.5e-05
43,Eastway Village,http://durhamhoods.com/neighborhoods/eastway-village/,100.2,241001,50922047,126,495,90,1967,41.2,16,77,5,66.3,0,0,95.4,54,21,43,0.028787077,-2.88e-05,0.028787077,-2.88e-05
44,Edgemont,http://durhamhoods.com/neighborhoods/edgemont/,63.4,3645549,0,160,528,110,1957,59.9,17,135,6,96.9,0,0,100,156,52,44,0.064624704,-6.13e-05,0.064624704,-6.13e-05
45,Eno Commons,http://durhamhoods.com/neighborhoods/eno-commons/,0,0,0,0,0,0,1998,0,0,0,0,0,0,0,0,0,0,45,0.00884693,-4.51e-06,0.00884693,-4.51e-06
46,Eno Trace,http://durhamhoods.com/neighborhoods/eno-trace/,0,0,348872,14,43,0,1994,0,1,0,1,0,0,0,0,0,0,46,0.0338856,-5.47e-05,0.0338856,-5.47e-05
47,Fairfield,http://durhamhoods.com/neighborhoods/fairfield/,11.6,0,11471832,3,18,0,1995,0.4,0,0,0,0,0,0,0,0,0,47,0.047420164,-0.000101867,0.047420164,-0.000101867
48,Falconbridge,http://durhamhoods.com/neighborhoods/falconbridge/,6,11344,944311,3,102,0,1986,6,0,0,0,0,0,0,0,0,0,48,0.043198584,-9.12e-05,0.043198584,-9.12e-05
49,Fieldstone by the Eno,http://durhamhoods.com/neighborhoods/fieldstone-by-the-eno/,24.6,0,705965,3,30,3,1991,2.6,7,0,0,0,0,0,13.6,27,0,49,0.043470908,-8.58e-05,0.043470908,-8.58e-05
50,Five Oaks,http://durhamhoods.com/neighborhoods/five-oaks/,2.7,0,480025,6,39,0,1986,12.7,1,1,0,0,0,0,0,0,0,50,0.033581407,-4.64e-05,0.033581407,-4.64e-05
51,Five Oaks 4100,http://durhamhoods.com/neighborhoods/five-oaks-4100/,0,0,488566,39,696,0,1977,0,0,0,0,0,0,0,0,0,0,51,0.01167936,-6.69e-06,0.01167936,-6.69e-06
52,Folkstone,http://durhamhoods.com/neighborhoods/folkstone/,0,0,1192490,0,19,0,1985,7.7,0,0,0,58.3,18.8,0,62.5,0,0,52,0.015979916,-1.33e-05,0.015979916,-1.33e-05
53,Forest Hills,http://durhamhoods.com/neighborhoods/forest-hills/,31.3,0,3169058,28,93,21,1950,10.3,9,0,1,14.2,0,17,46.4,53,11,53,0.054379796,-0.000150101,0.054379796,-0.000150101
54,Forest Oaks,http://durhamhoods.com/neighborhoods/forest-oaks/,0,0,0,33,293,0,1987,0,0,0,0,0,0,0,74.1,0,0,54,0.012918317,-7.96e-06,0.012918317,-7.96e-06
55,Fortune's Ridge,http://durhamhoods.com/neighborhoods/fortunes-ridge/,15.3,0,372127,5,62,0,1987,10.8,0,1,1,0,14.5,2.5,39.3,81,11,55,0.041623802,-5.38e-05,0.041623802,-5.38e-05
56,Fox Run,http://durhamhoods.com/neighborhoods/fox-run/,0,0,0,0,5,0,1978,11.2,0,0,0,0,0,0,0,0,0,56,0.056070742,-0.0001131,0.056070742,-0.0001131
57,Garret Farms - Porchlight / Hartley,http://durhamhoods.com/neighborhoods/garret-farms-porchlight-hartley/,0,0,0,0,0,0,1989,0,0,0,0,0,0,0,0,0,0,57,0.007488812,-3.61e-06,0.007488812,-3.61e-06
58,Gatewood Forest,http://durhamhoods.com/neighborhoods/gatewood-forest/,42.1,0,0,14,82,14,2003,0,1,0,0,0,0,0,100,28,11,58,0.018913626,-1.89e-05,0.018913626,-1.89e-05
59,Glennstone,http://durhamhoods.com/neighborhoods/glennstone/,51.8,0,6983350,52,83,10,2006,0,1,1,0,0,0,0,0,0,0,59,0.030503543,-2.5e-05,0.030503543,-2.5e-05
60,Golden Belt,http://durhamhoods.com/neighborhoods/golden-belt/,54.8,2869997,5194166,138,276,77,1932,52.3,7,46,4,100,0,0,100,156,52,60,0.020259545,-1.69e-05,0.020259545,-1.69e-05
61,Grande Park,http://durhamhoods.com/neighborhoods/grande-park/,89.6,0,0,14,42,0,2001,2.2,0,0,0,0,0,0,0,0,0,61,0.019199278,-1.84e-05,0.019199278,-1.84e-05
62,Green Mill,http://durhamhoods.com/neighborhoods/green-mill/,0,0,0,0,66,0,1987,6.4,0,0,0,0,0,0,0,0,0,62,0.014520495,-1.18e-05,0.014520495,-1.18e-05
63,Grove Park,http://durhamhoods.com/neighborhoods/grove-park/,36,1471530,493885,6,37,0,1993,8.8,4,2,3,8.1,2.2,5.4,2.6,28,11,63,0.096673518,-0.000456277,0.096673518,-0.000456277
64,Heather Glen,http://durhamhoods.com/neighborhoods/heather-glen/,0,0,374620,0,0,0,1983,4,0,0,0,0,0,0,0,0,0,64,0.042358321,-9.67e-05,0.042358321,-9.67e-05
65,Highgate,http://durhamhoods.com/neighborhoods/highgate/,19.2,0,0,15,182,0,1996,0,0,0,0,100,83.3,100,100,0,0,65,0.02055866,-1.7e-05,0.02055866,-1.7e-05
66,Hope Valley,http://durhamhoods.com/neighborhoods/hope-valley/,14.4,0,1769728,8,39,9,1977,13.2,29,3,9,3.1,13.8,0.3,9.8,149,22,66,0.231514232,-0.000999959,0.231514232,-0.000999959
67,Hope Valley Farms,http://durhamhoods.com/neighborhoods/hope-valley-farms/,57.2,0,5074293,4,66,3,1999,3.3,13,7,4,0,1.9,0,24.3,108,22,67,0.142681215,-0.00036598,0.142681215,-0.00036598
68,Hope Valley Green,http://durhamhoods.com/neighborhoods/hope-valley-green/,40.9,0,291678,0,78,0,1998,2.6,0,0,0,3.9,0,32.9,28.9,0,0,68,0.018087216,-1.32e-05,0.018087216,-1.32e-05
69,Hope Valley North,http://durhamhoods.com/neighborhoods/hope-valley-north/,0,0,482118,11,76,0,1976,1.2,11,1,5,0,0,0,0,0,0,69,0.0231746,-2.39e-05,0.0231746,-2.39e-05
70,Horton Hills,http://durhamhoods.com/neighborhoods/horton-hills/,71,0,52054,10,70,0,2004,0,1,0,0,0,0,0,0,0,0,70,0.022277703,-2.6e-05,0.022277703,-2.6e-05
71,Huntington Ridge,http://durhamhoods.com/neighborhoods/huntington-ridge/,60.4,0,176405,0,29,0,2004,6.3,0,0,0,0,0,0,0,0,0,71,0.029987915,-4.43e-05,0.029987915,-4.43e-05
72,Inverness Drive,http://durhamhoods.com/neighborhoods/inverness-drive/,0,0,825960,0,6,0,1977,8.6,0,0,0,0,0,0,0,0,0,72,0.02873926,-4.71e-05,0.02873926,-4.71e-05
73,Knollwood,http://durhamhoods.com/neighborhoods/knollwood/,7.6,0,5343,0,36,0,1970,0,1,0,0,0,0,0,37,0,0,73,0.018256546,-1.45e-05,0.018256546,-1.45e-05
74,Lakehurst,http://durhamhoods.com/neighborhoods/lakehurst/,43.9,0,14609,0,27,5,1997,0,1,0,0,0,0,0,0,0,0,74,0.028908493,-4.78e-05,0.028908493,-4.78e-05
75,Lakewood Park,http://durhamhoods.com/neighborhoods/lakewood-park/,45.1,891018,7134084,282,554,54,1953,42.5,23,15,11,78,0,0,100,74,11,75,0.026745549,-4.77e-05,0.026745549,-4.77e-05
76,Lochaven Hills,http://durhamhoods.com/neighborhoods/lochaven-hills/,0,0,754017,10,40,5,1974,3.2,5,0,0,0,0,0,0,0,0,76,0.033179135,-5.15e-05,0.033179135,-5.15e-05
77,Lochn'ora,http://durhamhoods.com/neighborhoods/lochnora/,1.4,0,4026808,5,14,0,1989,3,0,0,0,0,0,0,0,0,0,77,0.032464455,-5.44e-05,0.032464455,-5.44e-05
78,Lochside,http://durhamhoods.com/neighborhoods/lochside/,77.1,0,0,0,471,0,2005,0,0,0,0,0,0,0,0,0,0,78,0.008419344,-4.4e-06,0.008419344,-4.4e-06
79,Long Meadow,http://durhamhoods.com/neighborhoods/long-meadow/,2.3,0,326126,14,61,5,1961,22.7,10,1,5,5.3,0,5.9,55.1,53,11,79,0.032302153,-5.52e-05,0.032302153,-5.52e-05
80,Lyon Park,http://durhamhoods.com/neighborhoods/lyon-park/,37.7,0,747641,111,290,196,1951,35.5,21,12,9,13.8,0,0,84.5,0,0,80,0.021546824,-3.04e-05,0.021546824,-3.04e-05
81,Marbry Landing,http://durhamhoods.com/neighborhoods/marbry-landing/,31.2,0,0,13,158,13,1999,1.2,0,0,1,0,0,0,0,0,0,81,0.024226785,-1.97e-05,0.024226785,-1.97e-05
82,Mary Dell,http://durhamhoods.com/neighborhoods/mary-dell/,0,0,756761,0,0,0,1989,0,0,0,0,0,0,0,0,22,0,82,0.026611224,-4.01e-05,0.026611224,-4.01e-05
83,Meadows of Pagehurst,http://durhamhoods.com/neighborhoods/meadows-of-pagehurst/,61.9,0,0,13,168,13,2004,0.8,0,0,0,26.8,30.2,0,13.6,0,0,83,0.018261369,-2e-05,0.018261369,-2e-05
84,Morehead Hill,http://durhamhoods.com/neighborhoods/morehead-hill/,90.6,0,3294846,82,286,18,1940,41.9,8,2,5,36.1,0,71.8,98.9,225,50,84,0.043633063,-7.24e-05,0.043633063,-7.24e-05
85,Myers Park/Beechgrove,http://durhamhoods.com/neighborhoods/myers-park-beechgrove/,73.4,0,1309767,0,38,0,1993,5.6,2,0,1,0,0,0,0,0,0,85,0.032941312,-6.13e-05,0.032941312,-6.13e-05
86,North Durham Community,http://durhamhoods.com/neighborhoods/north-durham-community/,1.8,0,434574,4,20,0,1978,8.8,0,0,0,0,0,0,0,0,0,86,0.063284085,-0.000197951,0.063284085,-0.000197951
87,Newhall Village,http://durhamhoods.com/neighborhoods/newhall-village/,0,0,0,0,0,0,1998,0,0,0,0,0,0,0,0,0,0,87,0.007549077,-3.39e-06,0.007549077,-3.39e-06
88,Northgate Park,http://durhamhoods.com/neighborhoods/northgate-park/,49.4,363708,189121,38,170,33,1949,21.7,45,10,13,20.6,2.8,10,51.2,106,22,88,0.066053951,-0.000207079,0.066053951,-0.000207079
89,Oakhaven,http://durhamhoods.com/neighborhoods/oakhaven/,102.8,0,0,0,0,0,2004,4.2,0,0,0,0,0,0,0,0,0,89,0.012330712,-7.85e-06,0.012330712,-7.85e-06
90,Oakhurst,http://durhamhoods.com/neighborhoods/oakhurst/,72.7,0,13979196,0,24,0,2004,0,0,0,0,0,0,0,0,0,0,90,0.017204934,-1.08e-05,0.017204934,-1.08e-05
91,Old East Durham,http://durhamhoods.com/neighborhoods/old-east-durham/,63.7,0,1580951,222,674,229,1933,36.1,132,130,24,1,0.3,0,100,162,32,91,0.046827826,-0.000111711,0.046827826,-0.000111711
92,Old Farm,http://durhamhoods.com/neighborhoods/old-farm/,7.9,0,174632,52,193,7,1974,9.3,11,5,5,49.7,47.7,48.6,55.2,26,12,92,0.047928538,-0.000115708,0.047928538,-0.000115708
93,Old Five Points,http://durhamhoods.com/neighborhoods/old-five-points/,98.1,1549274,0,82,856,82,1969,49.4,1,1,0,45.1,0,0,100,0,0,93,0.013512133,-6.35e-06,0.013512133,-6.35e-06
94,Old North Durham,http://durhamhoods.com/neighborhoods/old-north-durham/,85.3,935559,6006150,121,495,66,1943,25.2,37,19,4,46.5,2.6,0.4,98.5,106,23,94,0.055997548,-9.83e-05,0.055997548,-9.83e-05
95,Old West Durham,http://durhamhoods.com/neighborhoods/old-west-durham/,77.3,2552724,71453059,54,384,9,1935,53.5,16,9,1,59.6,0,32.5,87.7,155,42,95,0.074838866,-0.000166477,0.074838866,-0.000166477
96,Parc at University,http://durhamhoods.com/neighborhoods/parc-at-university/,54,0,0,0,230,0,1997,100,0,0,0,0,100,100,100,0,0,96,0.011393011,-6.74e-06,0.011393011,-6.74e-06
97,Park Ridge,http://durhamhoods.com/neighborhoods/park-ridge/,0,0,0,40,180,40,1986,0,0,0,0,0,0,0,100,81,11,97,0.018407528,-1.29e-05,0.018407528,-1.29e-05
98,Parkside,http://durhamhoods.com/neighborhoods/parkside/,0,0,0,35,140,17,1990,4.7,0,2,0,0,0,0,79.5,53,11,98,0.020063159,-1.48e-05,0.020063159,-1.48e-05
99,Parkwood,http://durhamhoods.com/neighborhoods/parkwood/,24.5,1906,168972,6,61,3,1970,3.7,10,3,2,2.1,0,0,9.2,26,0,99,0.094363786,-0.000271259,0.094363786,-0.000271259
100,Penrith,http://durhamhoods.com/neighborhoods/penrith/,13.4,0,72235,9,59,2,1983,5.8,16,0,2,0,0,2.8,16.3,0,0,100,0.08039423,-0.000237329,0.08039423,-0.000237329
101,Placid Valley,http://durhamhoods.com/neighborhoods/placid-valley/,0,0,1120491,0,0,0,1978,8.1,0,0,0,0,0,0,0,0,0,101,0.025501838,-3.75e-05,0.025501838,-3.75e-05
102,Pleasant Drive,http://durhamhoods.com/neighborhoods/pleasant-drive/,0,0,72147,21,109,7,1957,23.1,13,2,1,0,0,0,83.3,27,11,102,0.065856601,-0.000109408,0.065856601,-0.000109408
103,Providence Ridge,http://durhamhoods.com/neighborhoods/providence-ridge/,20.3,0,869708,0,0,0,2004,0,0,0,0,0,0,0,0,0,0,103,0.01064444,-7.14e-06,0.01064444,-7.14e-06
104,Ravenstone,http://durhamhoods.com/neighborhoods/ravenstone/,63,0,11127703,15,71,0,2006,10,2,1,0,22.8,10,19.5,0,0,0,104,0.038722765,-8.73e-05,0.038722765,-8.73e-05
105,Rockwood,http://durhamhoods.com/neighborhoods/rockwood/,5.8,0,516532,23,180,23,1967,21.2,7,3,3,0,0,17.6,67.2,106,22,105,0.043841818,-7.91e-05,0.043841818,-7.91e-05
106,Scarsdale Village,http://durhamhoods.com/neighborhoods/scarsdale-village/,23.9,0,77872,52,179,22,1969,18.1,12,9,10,0,0,0,73.7,80,23,106,0.059887431,-0.000185324,0.059887431,-0.000185324
107,Sheridan Drive,http://durhamhoods.com/neighborhoods/sheridan-drive/,19.7,0,3871711,0,61,0,1967,5.4,0,0,0,0,0,0,0,0,0,107,0.018162586,-1.27e-05,0.018162586,-1.27e-05
108,Southampton,http://durhamhoods.com/neighborhoods/southampton/,77.6,0,4467286,0,21,0,2009,0,0,0,0,0,0,0,0,0,0,108,0.016203261,-1.21e-05,0.016203261,-1.21e-05
109,Southpoint Manor,http://durhamhoods.com/neighborhoods/southpoint-manor/,43.6,0,3318650,0,44,0,2005,1.7,0,0,0,0,0,0,0,0,0,109,0.025767702,-2.93e-05,0.025767702,-2.93e-05
110,Southside / St. Teresa,http://durhamhoods.com/neighborhoods/southside-st-teresa/,66.9,0,1198830,166,419,174,1955,20.6,48,23,2,51.9,5.4,48.9,100,280,61,110,0.037907381,-6.24e-05,0.037907381,-6.24e-05
111,South Terrace at Auburn,http://durhamhoods.com/neighborhoods/south-terrace-at-auburn/,150.2,0,0,25,424,25,2002,100,0,0,0,0,0,0,0,0,0,111,0.015133737,-1.04e-05,0.015133737,-1.04e-05
112,Spring Valley,http://durhamhoods.com/neighborhoods/spring-valley/,0,0,68786,3,52,0,1978,2.9,5,1,2,0,0,0,0,0,0,112,0.036929172,-7.53e-05,0.036929172,-7.53e-05
113,Stadium Heights,http://durhamhoods.com/neighborhoods/stadium-heights/,21.1,187312,125556,40,185,20,1959,28.6,25,4,8,0,18.8,29.4,69.2,106,23,113,0.051899086,-0.000169542,0.051899086,-0.000169542
114,Stephen's Woods,http://durhamhoods.com/neighborhoods/stephens-woods/,0,0,111298,0,16,5,1986,10.4,0,0,0,0,0,0,0,0,0,114,0.039325604,-4.96e-05,0.039325604,-4.96e-05
115,Sterling Ridge,http://durhamhoods.com/neighborhoods/sterling-ridge/,55.6,0,585305,0,78,0,1999,0,0,0,0,0,0,0,0,0,0,115,0.010194587,-6.65e-06,0.010194587,-6.65e-06
116,Stillwood,http://durhamhoods.com/neighborhoods/stillwood/,62.4,0,0,16,16,0,2007,0,0,0,1,0,0,0,0,0,0,116,0.01619701,-1.67e-05,0.01619701,-1.67e-05
117,Stirrup Creek,http://durhamhoods.com/neighborhoods/stirrup-creek/,0,0,0,0,12,0,1983,1.8,0,0,0,0,0,0,26.2,0,0,117,0.020246907,-2.19e-05,0.020246907,-2.19e-05
118,Stratford Lakes,http://durhamhoods.com/neighborhoods/stratford-lakes/,58.7,0,29516579,0,7,7,2010,2.1,0,0,0,0,0,0,100,53,11,118,0.028108317,-3.48e-05,0.028108317,-3.48e-05
119,Summer Meadow,http://durhamhoods.com/neighborhoods/summer-meadow/,83.9,0,9134,18,164,0,2005,0,2,1,6,0,0,0,0,0,0,119,0.0335983,-4.25e-05,0.0335983,-4.25e-05
120,Sunningdale,http://durhamhoods.com/neighborhoods/sunningdale/,27.9,0,1468479,0,213,0,1994,0,0,0,0,0,0,0,0,0,0,120,0.015575432,-1.21e-05,0.015575432,-1.21e-05
121,Swallows Ridge,http://durhamhoods.com/neighborhoods/swallows-ridge/,0,0,0,0,0,0,1987,0,0,0,0,0,0,0,0,0,0,121,0.007114821,-2.21e-06,0.007114821,-2.21e-06
122,Swann's Mill,http://durhamhoods.com/neighborhoods/swanns-mill/,82.7,35187,28278514,58,307,6,2008,0,1,0,0,0,0,0,0,0,0,122,0.029693757,-4.05e-05,0.029693757,-4.05e-05
123,Taylor Estates,http://durhamhoods.com/neighborhoods/taylor-estates/,98.6,0,0,61,61,0,2005,0,0,0,1,0,0,0,100,12,6,123,0.013838349,-8.54e-06,0.013838349,-8.54e-06
124,Trinity Heights,http://durhamhoods.com/neighborhoods/trinity-heights/,54.9,0,8105383,96,501,19,1966,20.6,2,1,0,1.4,0,0,100,53,11,124,0.018250989,-1.34e-05,0.018250989,-1.34e-05
125,Trinity Park,http://durhamhoods.com/neighborhoods/trinity-park/,91.6,49073,4796909,76,382,21,1939,22.5,21,9,4,0,0,20,100,208,53,125,0.064464369,-0.000136884,0.064464369,-0.000136884
126,Trotter Ridge,http://durhamhoods.com/neighborhoods/trotter-ridge/,0,0,1220765,9,51,0,1978,3.9,1,0,1,0,0,0,0,22,0,126,0.024964601,-3.03e-05,0.024964601,-3.03e-05
127,Tuscaloosa-Lakewood,http://durhamhoods.com/neighborhoods/tuscaloosa-lakewood/,13.4,432037,674150,60,327,32,1955,30.2,23,2,6,6.8,0,58.1,100,74,11,127,0.042644086,-9.02e-05,0.042644086,-9.02e-05
128,Urban 900,http://durhamhoods.com/neighborhoods/urban-900/,35.6,0,11122863,0,506,0,1947,30,3,1,0,0,0,0,100,0,0,128,0.007225128,-2.56e-06,0.007225128,-2.56e-06
129,Valley Run,http://durhamhoods.com/neighborhoods/valley-run/,28.9,0,13740,0,69,41,1983,1.6,2,0,0,0,0,17.6,31.9,0,0,129,0.020165802,-1.88e-05,0.020165802,-1.88e-05
130,Valleybrook,http://durhamhoods.com/neighborhoods/valleybrook/,4.4,0,3389874,5,55,0,1972,8.4,3,0,2,0,0,3.6,0.6,22,0,130,0.038604212,-4.74e-05,0.038604212,-4.74e-05
131,Vantage Pointe,http://durhamhoods.com/neighborhoods/vantage-pointe/,0,0,294087,8,25,0,1995,2.2,1,0,1,0,0,0,0,0,0,131,0.022214356,-3.11e-05,0.022214356,-3.11e-05
132,Walltown,http://durhamhoods.com/neighborhoods/walltown/,113.5,28751,383501,139,375,52,1948,29.8,35,18,4,38.6,28,33.8,99.7,106,22,132,0.040447829,-8.02e-05,0.040447829,-8.02e-05
133,Warehouse District,http://durhamhoods.com/neighborhoods/warehouse-district/,94.1,2450260,158406,49,477,14,1978,34.4,1,0,0,58.4,0,2.6,100,486,125,133,0.031971112,-3.69e-05,0.031971112,-3.69e-05
134,Waterford,http://durhamhoods.com/neighborhoods/waterford/,69.2,0,65293,6,23,6,1982,6.8,0,0,0,0,0,0,0,0,0,134,0.03724933,-4.52e-05,0.03724933,-4.52e-05
135,Watts Hospital-Hillandale,http://durhamhoods.com/neighborhoods/watts-hospital-hillandale/,47.4,726072,1304319,14,141,26,1947,21.2,26,3,2,29.2,17.5,21.5,48.6,79,22,135,0.079181343,-0.000325946,0.079181343,-0.000325946
136,Welcome Circle,http://durhamhoods.com/neighborhoods/welcome-circle/,0,0,0,0,0,0,1970,5.6,0,0,0,0,0,0,0,0,0,136,0.017692698,-1.92e-05,0.017692698,-1.92e-05
137,Wellington Forest,http://durhamhoods.com/neighborhoods/wellington-forest/,54.3,0,546363,22,70,16,1998,0,2,0,0,0,0,0,52,26,0,137,0.029240118,-4.8e-05,0.029240118,-4.8e-05
138,Wellons Village,http://durhamhoods.com/neighborhoods/wellons-village/,38.4,1814792,296622,234,991,347,1955,58,10,4,3,50,88.1,0,100,135,32,138,0.029305485,-4.1e-05,0.029305485,-4.1e-05
139,West End,http://durhamhoods.com/neighborhoods/west-end/,43,124881,1175361,93,201,81,1957,40.6,29,36,6,33.5,0,0,100,127,22,139,0.046687879,-8.91e-05,0.046687879,-8.91e-05
140,West Hills,http://durhamhoods.com/neighborhoods/west-hills/,34.9,218419,363969,14,81,4,1970,46.9,3,0,1,45.4,0,0.8,65,79,11,140,0.062000541,-0.000199437,0.062000541,-0.000199437
141,West Murray / Broad,http://durhamhoods.com/neighborhoods/west-murray-broad/,0,0,0,0,81,0,1952,17.4,1,0,0,0,62.5,0,100,27,11,141,0.01280206,-6.36e-06,0.01280206,-6.36e-06
142,Westgate Townes,http://durhamhoods.com/neighborhoods/westgate-townes/,0,0,1806289,0,903,0,1989,0,0,0,0,0,100,68.3,100,0,0,142,0.007494785,-2.29e-06,0.007494785,-2.29e-06
143,Westwood Estates,http://durhamhoods.com/neighborhoods/westwood-estates/,0,0,241198,0,37,0,1976,4.7,0,1,2,0,0,1.4,14.4,0,0,143,0.028421894,-4.92e-05,0.028421894,-4.92e-05
144,Willow Hill,http://durhamhoods.com/neighborhoods/willow-hill/,0,0,30935,9,31,0,1978,7.3,0,0,0,0,0,0,0,0,0,144,0.037121025,-5.87e-05,0.037121025,-5.87e-05
145,Windsor Oaks,http://durhamhoods.com/neighborhoods/windsor-oaks/,3.1,0,137121,0,32,0,1990,0,2,0,0,0,0,0,0,0,0,145,0.017302716,-1.63e-05,0.017302716,-1.63e-05
146,Woodcroft,http://durhamhoods.com/neighborhoods/woodcroft/,18.9,242965,350987,10,115,2,1986,6.7,2,2,2,0.4,9.7,7.1,65.3,134,11,146,0.113895794,-0.000224652,0.113895794,-0.000224652
147,Woodlake,http://durhamhoods.com/neighborhoods/woodlake/,31.4,0,544348,4,46,2,1994,1,2,1,0,0,10.3,3.8,20.7,81,11,147,0.044960032,-0.000117884,0.044960032,-0.000117884
148,Woodwinds,http://durhamhoods.com/neighborhoods/woodwinds/,0,0,507794,39,156,0,1987,0,0,0,0,0,0,0,55.2,0,0,148,0.011112227,-6.62e-06,0.011112227,-6.62e-06
149,Wynstead,http://durhamhoods.com/neighborhoods/wynstead/,67.4,0,0,0,130,0,2006,0,1,0,0,0,0,0,4.3,0,0,149,0.013751561,-9.97e-06,0.013751561,-9.97e-06
150,Central Park,http://durhamhoods.com/neighborhoods/central-park/,112.2,29677214,1245314,101,696,9,1969,39.7,0,0,1,66.7,33.3,100,100,208,54,150,0.027456789,-2.83e-05,0.027456789,-2.83e-05
151,Duke East Campus,http://durhamhoods.com/neighborhoods/duke/,44.6,1847089,8188870,13,17,0,1920,63.8,0,0,0,100,0,0,100,155,42,151,0.03553216,-6.13e-05,0.03553216,-6.13e-05
152,North Carolina Central University,http://durhamhoods.com/neighborhoods/north-carolina-central-university/,47.6,0,0,9,9,9,0,0,0,0,0,0,0,0,0,108,22,152,0.023221633,-2.83e-05,0.023221633,-2.83e-05
153,Orchid Court,http://durhamhoods.com/neighborhoods/orchid-court/,0,0,3451917,0,256,0,1995,0,0,0,0,0,0,0,0,0,0,153,0.004228147,-1.01e-06,0.004228147,-1.01e-06
154,Rigsbee Hill,http://durhamhoods.com/neighborhoods/rigsbee-hill/,57,0,0,0,1006,0,0,47.6,0,0,0,0,0,0,0,106,23,154,0.004460162,-1.29e-06,0.004460162,-1.29e-06
155,Whitney Park,http://durhamhoods.com/neighborhoods/whitney-park/,0,0,0,0,0,0,1987,0,0,0,0,0,0,0,100,81,11,155,0.00947855,-3.82e-06,0.00947855,-3.82e-06
